city,country,population,lat,lon
Istanbul,Turkey,"15,840,900",41.013611°N,28.955°E
Moscow,Russia,"12,632,409",55.75°N,37.616667°E
London,United Kingdom,"8,799,800",51.507222°N,0.1275°W
Saint Petersburg,Russia,"5,376,672",59.95°N,30.3°E
Berlin,Germany,"3,677,472",52.516667°N,13.383333°E
Madrid,Spain,"3,305,408",40.383333°N,3.716667°W
Kyiv,Ukraine,"2,962,180",50.45°N,30.523333°E
Rome,Italy,"2,761,632",41.9°N,12.5°E
Baku,Azerbaijan,"2,303,100",40.4°N,49.9°E
Bucharest,Romania,"2,161,347",44.4325°N,26.103889°E
Paris,France,"2,139,907",48.8567°N,2.3508°E
Minsk,Belarus,"1,996,553",53.9°N,27.566667°E
Vienna,Austria,"1,962,779",48.2°N,16.366667°E
Warsaw,Poland,"1,863,056",52.233333°N,21.016667°E
Hamburg,Germany,"1,853,935",53.565278°N,10.001389°E
Budapest,Hungary,"1,706,851",47.4925°N,19.051389°E
Belgrade,Serbia,"1,688,667",44.816667°N,20.466667°E
Barcelona,Spain,"1,636,732",41.383333°N,2.183333°E
Munich,Germany,"1,487,708",48.133333°N,11.566667°E
Kharkiv,Ukraine,"1,414,319",50.004444°N,36.231389°E
Milan,Italy,"1,371,498",45.466667°N,9.183333°E
Kazan,Russia,"1,308,660",55.790278°N,49.134722°E
Sofia,Bulgaria,"1,307,439",42.7°N,23.33°E
Prague,Czech Republic,"1,275,406",50.083333°N,14.416667°E
Nizhny Novgorod,Russia,"1,228,199",56.326944°N,44.0075°E
Tbilisi,Georgia,"1,201,769",41.7166°N,44.7833°E
Samara,Russia,"1,187,771",53.202778°N,50.140833°E
Ufa,Russia,"1,144,809",54.75°N,55.966667°E
Birmingham,United Kingdom,"1,144,900",52.483056°N,1.893611°W
Rostov-on-Don,Russia,"1,142,162",47.233333°N,39.7°E
Krasnodar,Russia,"1,099,344",45.033°N,38.967°E
Yerevan,Armenia,"1,092,800",40.181°N,44.51°E
Cologne,Germany,"1,073,096",50.936389°N,6.952778°E
Voronezh,Russia,"1,057,681",51.671667°N,39.210556°E
Perm,Russia,"1,034,002",58°N,56.316667°E
Volgograd,Russia,"1,028,036",48.7°N,44.516667°E
